City_ID,City,Country,Date,Lat,Lng,Max Temp,Humidity,Cloudiness,Wind Speed
0,Jalu,LY,2022-08-31 02:00:48,29.0331,21.5482,80.6,42,0,6.73
1,Albany,US,2022-08-31 02:00:48,42.6001,-73.9662,69.62,91,100,8.37
2,Saint-Philippe,RE,2022-08-31 02:00:49,-21.3585,55.7679,71.19,80,73,10.4
3,Bluff,NZ,2022-08-31 02:00:49,-46.6,168.3333,62.8,59,78,13.02
4,Hermanus,ZA,2022-08-31 02:00:50,-34.4187,19.2345,52.81,76,0,23.11
5,Mareeba,AU,2022-08-31 02:00:50,-17.0,145.4333,81.45,58,2,9.08
6,Jamestown,US,2022-08-31 02:00:51,42.097,-79.2353,69.71,66,46,8.01
7,Lebu,CL,2022-08-31 02:00:51,-37.6167,-73.65,50.11,92,100,4.12
8,Kaitangata,NZ,2022-08-31 02:00:51,-46.2817,169.8464,58.68,52,15,5.3
9,Souillac,MU,2022-08-31 02:00:52,-20.5167,57.5167,64.78,94,40,3.44
10,Mataura,NZ,2022-08-31 02:00:52,-46.1927,168.8643,62.47,47,80,6.11
11,Noumea,NC,2022-08-31 01:56:15,-22.2763,166.4572,72.0,99,65,17.22
12,Kapaa,US,2022-08-31 02:00:53,22.0752,-159.319,83.48,70,10,5.01
13,Sergeyevka,KZ,2022-08-31 02:01:04,53.88,67.4158,65.77,56,99,6.26
14,Ahipara,NZ,2022-08-31 02:01:05,-35.1667,173.1667,60.76,51,70,3.53
15,Ponta Do Sol,PT,2022-08-31 02:01:05,32.6667,-17.1,70.72,76,13,6.67
16,Poum,NC,2022-08-31 02:01:05,-20.2333,164.0167,74.95,62,36,12.57
17,Bograd,RU,2022-08-31 02:01:05,54.2344,90.8328,64.99,55,57,4.74
18,Cerritos,US,2022-08-31 01:57:48,33.8583,-118.0648,96.64,49,0,4.0
19,Barrow,US,2022-08-31 01:59:20,71.2906,-156.7887,44.98,71,50,13.09
20,Arraial Do Cabo,BR,2022-08-31 02:01:06,-22.9661,-42.0278,63.84,64,96,10.22
21,Lavrentiya,RU,2022-08-31 02:01:06,65.5833,-171.0,44.65,98,100,10.4
22,Ribeira Grande,PT,2022-08-31 02:01:07,38.5167,-28.7,74.41,83,77,7.05
23,Birao,CF,2022-08-31 02:01:07,10.2849,22.7882,69.62,98,98,3.85
24,Busselton,AU,2022-08-31 02:01:07,-33.65,115.3333,58.35,60,19,7.76
25,Castro,BR,2022-08-31 02:01:08,-24.7911,-50.0119,43.57,93,3,9.66
26,Bengkulu,ID,2022-08-31 01:58:23,-3.8004,102.2655,80.15,78,65,0.34
27,Nishihara,JP,2022-08-31 02:01:08,26.1842,127.7558,88.88,74,75,28.77
28,Ushuaia,AR,2022-08-31 01:57:48,-54.8,-68.3,35.26,87,20,4.61
29,Ballina,AU,2022-08-31 02:00:04,-28.8667,153.5667,68.02,85,70,14.14
30,Reyes,BO,2022-08-31 02:01:09,-14.3167,-67.3833,71.17,47,0,1.54
31,Chokurdakh,RU,2022-08-31 02:01:09,70.6333,147.9167,47.43,47,59,7.0
32,Faanui,PF,2022-08-31 02:01:09,-16.4833,-151.75,78.24,69,0,15.01
33,Butaritari,KI,2022-08-31 02:01:10,3.0707,172.7902,82.08,72,27,18.9
34,Mayskiy,RU,2022-08-31 02:01:10,47.6931,40.1025,63.81,31,85,4.56
35,Clyde River,CA,2022-08-31 02:01:11,70.4692,-68.5914,37.38,73,0,3.76
36,Nikolskoye,RU,2022-08-31 02:01:11,59.7035,30.7861,53.49,93,100,13.87
37,Pevek,RU,2022-08-31 02:01:11,69.7008,170.3133,33.82,87,55,19.01
38,Thompson,CA,2022-08-31 01:58:50,55.7435,-97.8558,50.16,62,20,6.91
39,Hot Springs,US,2022-08-31 01:58:07,34.5037,-93.0552,83.62,81,75,6.91
40,Shingu,JP,2022-08-31 02:01:12,33.7333,135.9833,85.06,74,20,5.84
41,Hithadhoo,MV,2022-08-31 02:01:12,-0.6,73.0833,81.25,76,60,15.93
42,Salekhard,RU,2022-08-31 02:01:12,66.53,66.6019,43.03,78,14,7.43
43,Dikson,RU,2022-08-31 02:01:13,73.5069,80.5464,40.84,94,100,12.64
44,Cabo San Lucas,MX,2022-08-31 02:00:06,22.8909,-109.9124,86.61,68,100,6.22
45,Banjar,ID,2022-08-31 02:01:13,-8.19,114.9675,86.61,64,23,0.6
46,Avera,US,2022-08-31 02:01:14,33.194,-82.5271,78.85,70,48,5.59
47,Tasiilaq,GL,2022-08-31 02:01:14,65.6145,-37.6368,42.96,97,100,10.96
48,Atasu,KZ,2022-08-31 02:01:14,48.6814,71.6433,70.74,23,41,1.83
49,Cherskiy,RU,2022-08-31 02:01:15,68.75,161.3,44.08,65,12,18.5
50,Henties Bay,NA,2022-08-31 02:01:15,-22.116,14.2845,54.81,86,42,6.64
51,Constitucion,CL,2022-08-31 02:00:57,-35.3333,-72.4167,50.58,87,100,0.89
52,Khatanga,RU,2022-08-31 02:01:16,71.9667,102.5,48.18,66,100,13.4
53,Ilulissat,GL,2022-08-31 02:01:16,69.2167,-51.1,44.62,81,100,10.36
54,Klaksvik,FO,2022-08-31 02:01:16,62.2266,-6.589,49.12,76,84,11.27
55,Atuona,PF,2022-08-31 02:01:16,-9.8,-139.0333,76.75,71,20,19.64
56,Avarua,CK,2022-08-31 02:01:17,-21.2078,-159.775,77.05,78,20,10.36
57,Chicama,PE,2022-08-31 02:01:17,-7.8447,-79.1469,63.27,82,38,5.35
58,Zyryanka,RU,2022-08-31 02:01:17,65.75,150.85,55.53,40,5,1.88
59,Hasaki,JP,2022-08-31 02:01:18,35.7333,140.8333,88.29,81,78,16.13
60,Kawalu,ID,2022-08-31 02:01:18,-7.3817,108.2082,78.28,76,97,3.76
61,Aklavik,CA,2022-08-31 02:01:18,68.2191,-135.0107,61.56,53,18,2.77
62,Bhadrachalam,IN,2022-08-31 02:01:19,17.6667,80.8833,79.84,86,12,0.96
63,Longyearbyen,SJ,2022-08-31 02:01:19,78.2186,15.6401,35.44,80,75,2.3
64,Mikuni,JP,2022-08-31 02:01:19,36.2171,136.1519,86.65,67,96,16.15
65,Rikitea,PF,2022-08-31 02:00:34,-23.1203,-134.9692,73.94,80,47,9.26
66,Praia Da Vitoria,PT,2022-08-31 02:01:20,38.7333,-27.0667,71.76,91,36,3.38
67,Camacha,PT,2022-08-31 02:01:20,33.0833,-16.3333,67.42,68,20,8.05
68,Port Alfred,ZA,2022-08-31 02:01:20,-33.5906,26.891,51.89,65,22,3.11
69,Guerrero Negro,MX,2022-08-31 02:01:21,27.9769,-114.0611,72.52,85,99,16.78
70,Tuktoyaktuk,CA,2022-08-31 02:01:21,69.4541,-133.0374,47.8,82,28,6.91
71,Airai,TL,2022-08-31 02:01:21,-8.9266,125.4092,76.03,42,54,3.4
72,Vaini,TO,2022-08-31 02:01:22,-21.2,-175.2,72.21,75,50,16.13
73,Tuatapere,NZ,2022-08-31 02:01:22,-46.1333,167.6833,59.22,60,100,9.95
74,Fethiye,TR,2022-08-31 02:01:23,36.6217,29.1164,71.47,65,0,3.53
75,Cowra,AU,2022-08-31 02:01:23,-33.8333,148.6833,59.97,64,30,3.76
76,Bongaree,AU,2022-08-31 02:01:23,-27.0797,153.1586,75.22,80,15,3.65
77,Victoria,HK,2022-08-31 01:58:17,22.2855,114.1577,90.97,80,21,5.01
78,East London,ZA,2022-08-31 02:01:24,-33.0153,27.9116,53.01,64,35,8.43
79,Yining,CN,2022-08-31 02:01:24,29.0361,114.5636,76.05,73,99,2.04
80,Lorengau,PG,2022-08-31 02:01:24,-2.0226,147.2712,85.15,71,55,9.71
81,Houston,US,2022-08-31 02:00:36,29.7633,-95.3633,81.91,84,100,5.75
82,Japura,ID,2022-08-31 02:01:24,-0.3167,102.35,81.84,77,49,1.97
83,Hamilton,US,2022-08-31 01:59:45,39.1834,-84.5333,72.88,75,0,3.31
84,Esperantinopolis,BR,2022-08-31 02:01:25,-4.8667,-44.7083,78.08,44,63,1.34
85,Amnat Charoen,TH,2022-08-31 02:01:25,15.9167,104.75,83.44,72,89,3.27
86,Wiarton,CA,2022-08-31 02:01:26,44.7407,-81.1332,65.39,57,6,20.29
87,Kouqian,CN,2022-08-31 02:01:26,43.6391,126.4578,71.04,71,1,3.87
88,Georgetown,MY,2022-08-31 01:57:00,5.4112,100.3354,84.13,85,20,5.99
89,Fairbanks,US,2022-08-31 01:56:40,64.8378,-147.7164,66.09,66,100,1.99
90,Hami,CN,2022-08-31 02:01:26,42.8,93.45,81.77,12,59,12.35
91,Libourne,FR,2022-08-31 02:01:27,44.9167,-0.25,68.5,86,29,3.6
92,Cape Town,ZA,2022-08-31 02:01:27,-33.9258,18.4232,51.1,57,0,1.99
93,Santarem,BR,2022-08-31 02:01:27,-2.4431,-54.7083,77.99,45,2,1.57
94,Mao,ES,2022-08-31 02:01:27,39.8885,4.2658,79.36,94,0,3.44
95,Chirongui,YT,2022-08-31 02:01:28,-12.9319,45.1483,75.13,75,96,17.05
96,Najran,SA,2022-08-31 02:01:28,17.4924,44.1277,77.02,28,100,2.84
97,Hervey Bay,AU,2022-08-31 02:01:29,-25.2986,152.8535,67.6,73,100,3.33
98,Sitka,US,2022-08-31 02:01:29,57.0531,-135.33,57.09,94,100,4.61
99,Kushima,JP,2022-08-31 02:01:29,31.4583,131.2333,90.23,63,36,7.7
100,Sao Joao Da Barra,BR,2022-08-31 02:01:29,-21.6403,-41.0511,64.87,64,99,10.42
101,North Bend,US,2022-08-31 02:01:30,43.4065,-124.2243,70.25,88,53,1.01
102,Churapcha,RU,2022-08-31 02:01:30,62.0025,132.4325,60.08,57,50,8.88
103,Porto Nacional,BR,2022-08-31 02:01:30,-10.7081,-48.4172,80.53,30,43,2.13
104,Terrak,NO,2022-08-31 02:01:31,65.087,12.3715,51.67,86,97,4.81
105,Haikou,CN,2022-08-31 02:01:31,20.0458,110.3417,86.86,67,83,1.66
106,New Norfolk,AU,2022-08-31 02:01:31,-42.7826,147.0587,60.71,67,99,8.01
107,Pacific Grove,US,2022-08-31 02:01:31,36.6177,-121.9166,71.2,80,9,4.0
108,Puerto Ayora,EC,2022-08-31 02:01:32,-0.7393,-90.3518,70.56,91,81,7.0
109,Tyup,KG,2022-08-31 02:01:32,42.7276,78.3648,58.1,59,3,1.95
110,Kodiak,US,2022-08-31 02:01:32,57.79,-152.4072,57.45,76,100,9.86
111,Katherine,AU,2022-08-31 02:01:33,-14.4667,132.2667,86.32,51,100,13.8
112,Agdam,AZ,2022-08-31 02:01:33,39.991,46.9274,70.03,35,0,5.19
113,Hobart,AU,2022-08-31 01:57:06,-42.8794,147.3294,61.05,59,20,11.5
114,Bethel,US,2022-08-31 01:59:13,41.3712,-73.414,77.76,83,72,1.01
115,Beira,MZ,2022-08-31 02:01:34,-19.8436,34.8389,68.79,81,97,19.89
116,Waipawa,NZ,2022-08-31 02:01:34,-41.4122,175.5153,53.47,69,72,14.38
117,Luderitz,NA,2022-08-31 02:01:34,-26.6481,15.1594,60.06,57,52,2.44
118,Saint Anthony,US,2022-08-31 02:01:35,45.0205,-93.218,72.82,66,0,3.44
119,Buala,SB,2022-08-31 02:01:35,-8.145,159.5921,80.67,83,95,11.36
120,Torbay,CA,2022-08-31 02:01:35,47.6666,-52.7314,65.75,86,99,9.73
121,Upernavik,GL,2022-08-31 02:01:35,72.7868,-56.1549,36.63,80,6,9.84
122,Tabou,CI,2022-08-31 02:01:36,4.423,-7.3528,75.16,88,100,10.4
123,Tutoia,BR,2022-08-31 02:01:36,-2.7619,-42.2744,78.94,78,99,8.99
124,Nakamura,JP,2022-08-31 02:00:16,32.9833,132.9333,87.46,66,46,5.82
125,Bosaso,SO,2022-08-31 02:01:37,11.2842,49.1816,88.2,53,15,10.07
126,Turbat,PK,2022-08-31 02:01:37,26.0023,63.044,80.4,74,33,4.0
127,Nobres,BR,2022-08-31 02:01:37,-14.7203,-56.3275,80.73,37,45,3.47
128,Ekhabi,RU,2022-08-31 02:01:38,53.5102,142.9671,70.0,59,21,10.76
129,Arkhangelsk,RU,2022-08-31 02:01:38,64.5401,40.5433,41.11,93,20,4.47
130,Severo-Kurilsk,RU,2022-08-31 02:01:38,50.6789,156.125,58.21,75,0,8.95
131,Norman Wells,CA,2022-08-31 02:01:39,65.282,-126.8329,55.89,81,100,8.12
132,Springfield,US,2022-08-31 01:58:12,37.2153,-93.2982,76.19,77,0,7.76
133,Solnechnyy,RU,2022-08-31 02:01:39,50.7214,136.6319,66.38,63,99,6.49
134,Zhucheng,CN,2022-08-31 02:01:39,35.9947,119.3975,74.48,77,5,6.89
135,Punta Arenas,CL,2022-08-31 01:57:08,-53.15,-70.9167,44.71,65,0,19.57
136,Bokoro,TD,2022-08-31 02:01:40,12.3807,17.0568,78.71,79,99,7.7
137,Bambous Virieux,MU,2022-08-31 02:01:40,-20.3428,57.7575,64.65,94,40,3.44
138,Kavieng,PG,2022-08-31 02:01:40,-2.5744,150.7967,85.23,70,20,13.31
139,Sarangani,PH,2022-08-31 02:01:41,5.4033,125.4636,83.88,65,95,3.36
140,Santa Maria,BR,2022-08-31 02:01:41,-29.6842,-53.8069,50.27,90,0,7.36
141,Mae Chan,TH,2022-08-31 02:01:42,20.1467,99.8526,85.23,72,24,1.99
142,Saldanha,ZA,2022-08-31 02:01:42,-33.0117,17.9442,51.73,56,0,16.98
143,Tautira,PF,2022-08-31 02:01:42,-17.7333,-149.15,76.66,76,39,15.23
144,Bredasdorp,ZA,2022-08-31 02:01:43,-34.5322,20.0403,51.67,68,0,21.12
145,Naze,JP,2022-08-31 02:01:43,28.3667,129.4833,82.56,84,100,18.61
146,Turukhansk,RU,2022-08-31 02:01:43,65.8167,87.9833,39.25,90,100,13.58
147,Soyo,AO,2022-08-31 02:01:44,-6.1349,12.3689,71.8,89,69,9.57
148,Asau,RO,2022-08-31 02:01:44,46.4333,26.4,63.52,94,79,2.95
149,Brae,GB,2022-08-31 02:01:44,60.3964,-1.353,54.0,76,100,9.98
150,Albion,US,2022-08-31 02:01:45,42.2431,-84.753,66.33,85,0,0.0
151,Mecca,SA,2022-08-31 01:58:45,21.4267,39.8261,90.01,35,7,4.97
152,Kirakira,SB,2022-08-31 02:01:45,-10.4544,161.9205,83.21,77,96,14.67
153,Varazze,IT,2022-08-31 02:01:46,44.3595,8.5741,74.53,88,87,1.99
154,Esperance,AU,2022-08-31 02:01:46,-33.8667,121.9,57.25,64,4,4.61
155,Alta Floresta,BR,2022-08-31 02:01:46,-9.8756,-56.0861,75.79,32,2,2.82
156,Yellowknife,CA,2022-08-31 02:01:46,62.456,-114.3525,52.75,94,100,15.37
157,Husavik,IS,2022-08-31 02:01:47,66.0449,-17.3389,53.92,86,100,6.44
158,Quimper,FR,2022-08-31 01:59:58,48.0,-4.1,66.78,68,0,6.91
159,Cockburn Town,TC,2022-08-31 02:01:47,21.4612,-71.1419,83.17,79,10,15.26
160,Ukiah,US,2022-08-31 02:00:11,39.1502,-123.2078,87.44,55,0,4.34
161,Vanimo,PG,2022-08-31 02:01:48,-2.6741,141.3028,86.07,64,22,6.91
162,Monterey,US,2022-08-31 02:01:48,36.2505,-121.2516,85.17,1,0,8.79
163,Dingle,PH,2022-08-31 02:01:48,10.9995,122.6711,85.26,74,57,5.41
164,Singapore,SG,2022-08-31 02:01:02,1.2897,103.8501,84.09,74,75,5.75
165,Aswan,EG,2022-08-31 02:01:49,24.0934,32.907,89.06,30,0,12.24
166,Broome,US,2022-08-31 02:01:49,42.2506,-75.833,65.46,90,100,3.44
167,Wawa,NG,2022-08-31 02:01:49,9.9022,4.4192,71.85,96,100,6.89
168,Isangel,VU,2022-08-31 02:01:50,-19.55,169.2667,76.21,61,63,15.57
169,Saint-Augustin,CA,2022-08-31 02:01:50,51.226,-58.6502,63.99,98,100,6.8
170,Bibiani,GH,2022-08-31 02:01:50,6.4635,-2.3194,69.53,97,98,1.5
171,Atambua,ID,2022-08-31 02:01:51,-9.1061,124.8925,83.91,54,31,2.37
172,Tiksi,RU,2022-08-31 02:01:51,71.6872,128.8694,40.33,96,100,11.03
173,Iqaluit,CA,2022-08-31 02:01:52,63.7506,-68.5145,43.7,56,100,4.74
174,Wenling,CN,2022-08-31 02:01:52,28.3669,121.36,84.81,74,51,13.13
175,Domoni,KM,2022-08-31 02:01:52,-12.2569,44.5319,73.99,83,100,10.49
176,Maceio,BR,2022-08-31 02:00:17,-9.6658,-35.7353,71.04,88,20,5.75
177,Yulara,AU,2022-08-31 02:01:53,-25.2406,130.9889,63.3,32,100,15.14
178,Ayagoz,KZ,2022-08-31 02:01:53,47.9714,80.4392,66.92,31,0,7.67
179,Hilo,US,2022-08-31 02:01:53,19.7297,-155.09,85.28,90,90,5.01
180,Ulu-Telyak,RU,2022-08-31 02:01:54,54.9086,56.9669,61.81,63,100,5.12
181,Narsaq,GL,2022-08-31 02:01:54,60.9167,-46.05,43.02,72,10,3.51
182,Mount Isa,AU,2022-08-31 02:01:34,-20.7333,139.5,80.37,44,13,14.97
183,Mahajanga,MG,2022-08-31 02:01:54,-15.7167,46.3167,75.13,48,73,10.2
184,Cidreira,BR,2022-08-31 02:01:55,-30.1811,-50.2056,58.86,79,0,18.23
185,Muriti,TZ,2022-08-31 02:01:55,-1.9833,32.9167,72.36,71,78,6.46
186,Pangnirtung,CA,2022-08-31 02:01:55,66.1451,-65.7125,42.39,62,6,3.24
187,Katsuura,JP,2022-08-31 02:01:56,35.1333,140.3,83.68,78,42,15.26
188,Eyl,SO,2022-08-31 02:01:56,7.9803,49.8164,76.05,75,92,18.43
189,Vila Velha,BR,2022-08-31 02:01:44,-20.3297,-40.2925,62.94,85,94,1.01
190,Anadyr,RU,2022-08-31 02:01:11,64.75,177.4833,50.5,93,100,15.66
191,Mar Del Plata,AR,2022-08-31 02:00:06,-38.0023,-57.5575,51.94,71,0,15.01
192,Nicoya,CR,2022-08-31 02:01:56,10.1483,-85.452,74.75,94,100,2.95
193,Fortuna,US,2022-08-31 02:01:57,40.5982,-124.1573,62.92,93,40,11.5
194,Namibe,AO,2022-08-31 02:01:57,-15.1961,12.1522,65.03,87,96,11.88
195,Saint-Louis,SN,2022-08-31 02:01:57,16.3333,-15.0,78.78,83,100,13.47
196,Tessalit,ML,2022-08-31 02:01:58,20.1986,1.0114,89.83,15,9,7.72
197,Nyurba,RU,2022-08-31 02:01:58,63.2842,118.3319,39.78,94,100,8.41
198,Boulogne-Sur-Mer,FR,2022-08-31 02:01:58,50.75,1.8333,63.39,80,16,8.14
199,Maldonado,UY,2022-08-31 02:01:59,-34.6667,-54.9167,49.23,94,0,7.85
200,Okato,NZ,2022-08-31 02:01:59,-39.2,173.8833,53.69,61,98,7.4
201,Kaeo,NZ,2022-08-31 02:01:59,-35.1,173.7833,59.61,54,49,8.12
202,Maridi,SS,2022-08-31 02:02:00,4.9158,29.4742,65.64,97,100,3.85
203,Eldorado,BR,2022-08-31 02:02:00,-23.7869,-54.2836,58.08,65,56,5.28
204,Matara,LK,2022-08-31 02:02:00,5.9485,80.5353,75.65,91,100,9.55
205,Belaya Gora,RU,2022-08-31 02:02:01,68.5333,146.4167,56.16,44,22,6.42
206,Hamadan,IR,2022-08-31 02:02:01,34.7992,48.5146,61.66,23,0,2.55
207,Sao Filipe,CV,2022-08-31 02:02:01,14.8961,-24.4956,76.68,78,38,10.13
208,Abu Samrah,SY,2022-08-31 02:02:02,35.3029,37.1841,80.82,38,0,1.59
209,Leningradskiy,RU,2022-08-31 02:02:02,69.3833,178.4167,33.8,98,100,13.06
210,Saint-Georges,GD,2022-08-31 02:02:02,12.0564,-61.7485,80.67,78,11,10.8
211,Valparaiso,CL,2022-08-31 02:01:19,-33.0393,-71.6273,57.0,100,100,3.09
212,Wilmington Island,US,2022-08-31 02:02:03,32.0036,-80.9737,82.98,86,0,4.61
213,Sola,VU,2022-08-31 02:02:03,-13.8833,167.55,78.78,78,34,22.77
214,Tilichiki,RU,2022-08-31 02:02:03,60.4667,166.1,53.8,67,100,14.07
215,Kamenka,RU,2022-08-31 02:02:04,51.3223,42.7678,67.3,43,21,7.61
216,Sassandra,CI,2022-08-31 02:02:04,4.95,-6.0833,73.8,92,100,8.12
217,Bonfim,BR,2022-08-31 02:02:04,3.0833,-59.95,76.57,86,92,4.9
218,Flinders,AU,2022-08-31 02:02:05,-34.5833,150.8552,63.25,72,71,6.6
219,Provideniya,RU,2022-08-31 02:02:05,64.3833,-173.3,48.36,100,100,18.01
220,Saiha,IN,2022-08-31 02:02:10,22.4833,92.9667,76.77,88,98,0.36
221,Yerbogachen,RU,2022-08-31 02:02:10,61.2767,108.0108,41.92,91,51,13.78
222,Omsukchan,RU,2022-08-31 01:57:11,62.5333,155.8,46.2,60,100,7.54
223,Macau,MO,2022-08-31 02:02:11,22.2006,113.5461,87.85,74,20,4.61
224,Uruguaiana,BR,2022-08-31 02:02:11,-29.7547,-57.0883,53.96,85,81,12.26
225,Melilla,ES,2022-08-31 02:02:11,35.2937,-2.9383,82.78,61,0,6.91
226,Wanaka,NZ,2022-08-31 02:02:12,-44.7,169.15,47.93,89,66,9.71
227,Mahebourg,MU,2022-08-31 02:02:12,-20.4081,57.7,64.69,94,40,3.44
228,Slave Lake,CA,2022-08-31 02:01:06,55.2834,-114.769,70.56,63,0,5.57
229,Qandala,SO,2022-08-31 02:02:12,11.472,49.8728,85.5,61,7,3.33
230,Port Lincoln,AU,2022-08-31 02:02:13,-34.7333,135.8667,56.91,53,30,7.14
231,Oriximina,BR,2022-08-31 02:02:13,-1.7656,-55.8661,78.62,41,0,3.18
232,Yakeshi,CN,2022-08-31 02:02:13,49.2833,120.7333,53.8,63,100,16.53
233,Nacimiento,CL,2022-08-31 02:02:14,-37.5,-72.6667,49.71,91,100,2.28
234,Novaya Ladoga,RU,2022-08-31 02:02:14,60.1025,32.3019,50.22,94,100,22.32
235,Maragogi,BR,2022-08-31 02:02:15,-9.0122,-35.2225,75.43,66,100,13.47
236,Cayenne,GF,2022-08-31 02:00:07,4.9333,-52.3333,75.24,94,75,4.61
237,Impfondo,CG,2022-08-31 02:02:15,1.6381,18.0667,70.27,95,92,1.01
238,Ancud,CL,2022-08-31 02:02:15,-41.8697,-73.8203,50.23,91,95,4.07
239,Salta,AR,2022-08-31 01:58:58,-24.7859,-65.4117,51.58,50,0,3.0
240,Touros,BR,2022-08-31 02:02:16,-5.1989,-35.4608,74.52,71,53,19.15
241,Pirmasens,DE,2022-08-31 02:02:16,49.2015,7.6053,65.48,94,100,0.65
242,Buin,CL,2022-08-31 02:02:16,-33.7333,-70.75,55.74,96,100,3.04
243,Sao Felix Do Xingu,BR,2022-08-31 02:02:17,-6.6447,-51.995,76.44,38,2,1.88
244,Hualmay,PE,2022-08-31 02:02:17,-11.0964,-77.6139,61.11,85,32,10.51
245,Semnan,IR,2022-08-31 02:02:17,35.5729,53.3971,70.65,26,0,3.89
246,Belmonte,BR,2022-08-31 02:02:18,-15.8631,-38.8828,69.06,71,96,13.62
247,Tateyama,JP,2022-08-31 02:02:18,34.9833,139.8667,86.09,81,17,14.63
248,Amahai,ID,2022-08-31 02:02:18,-3.3333,128.9167,82.4,73,58,3.0
249,Shakhtinsk,KZ,2022-08-31 02:02:19,49.71,72.5872,69.13,27,13,1.86
250,Balabac,PH,2022-08-31 02:02:19,7.9868,117.0645,83.7,72,85,2.77
251,Qaanaaq,GL,2022-08-31 02:02:20,77.484,-69.3632,28.15,65,0,5.84
252,Arrah,IN,2022-08-31 02:02:20,25.5667,84.6667,84.09,70,100,6.46
253,Arlit,NE,2022-08-31 02:02:20,18.7369,7.3853,90.93,21,4,7.18
254,Kenai,US,2022-08-31 02:00:38,60.5544,-151.2583,59.14,86,100,12.84
255,Ambovombe,MG,2022-08-31 02:02:21,-25.1667,46.0833,65.46,70,100,12.08
256,Chapais,CA,2022-08-31 02:02:21,49.7834,-74.8492,64.18,94,100,9.1
257,Coquimbo,CL,2022-08-31 02:02:22,-29.9533,-71.3436,53.44,88,11,5.73
258,Blagodarnyy,RU,2022-08-31 02:02:22,45.0978,43.4364,75.29,49,0,1.32
259,La Ronge,CA,2022-08-31 02:02:22,55.1001,-105.2842,63.39,68,38,5.91
260,Fare,PF,2022-08-31 02:02:23,-16.7,-151.0167,78.17,69,0,15.5
261,Belyy Yar,RU,2022-08-31 02:02:23,53.6039,91.3903,57.85,75,0,2.24
262,Santa Cruz,BO,2022-08-31 02:00:10,-17.8,-63.1667,67.55,35,0,4.21
263,Nuzvid,IN,2022-08-31 02:02:23,16.7833,80.85,81.45,83,18,2.24
264,Rocha,UY,2022-08-31 02:00:26,-34.4833,-54.3333,44.8,96,0,6.64
265,Road Town,VG,2022-08-31 02:02:24,18.4167,-64.6167,84.24,79,40,5.75
266,Alofi,NU,2022-08-31 02:02:24,-19.0595,-169.9187,76.48,78,7,9.17
267,Karratha,AU,2022-08-31 02:02:24,-20.7377,116.8463,79.09,28,93,4.45
268,Marapanim,BR,2022-08-31 02:02:25,-0.7175,-47.6997,74.95,95,86,5.5
269,Quatre Cocos,MU,2022-08-31 02:02:25,-20.2078,57.7625,64.51,71,33,10.69
270,Goderich,CA,2022-08-31 02:00:16,43.7501,-81.7165,70.92,74,13,20.42
271,Westport,US,2022-08-31 01:59:55,41.1415,-73.3579,79.09,88,29,8.99
272,Anito,PH,2022-08-31 02:02:26,12.4497,125.2886,88.66,60,45,2.86
273,Santa Fe,AR,2022-08-31 02:02:26,-31.6333,-60.7,62.02,66,100,4.0
274,Caravelas,BR,2022-08-31 02:02:26,-17.7125,-39.2481,65.79,80,75,12.01
275,Wagar,SD,2022-08-31 02:02:27,16.1525,36.2032,86.68,51,3,9.95
276,Bandarbeyla,SO,2022-08-31 02:02:27,9.4942,50.8122,75.29,81,69,19.84
277,Karachi,PK,2022-08-31 02:02:27,24.9056,67.0822,78.62,89,20,5.75
278,Awash,ET,2022-08-31 02:02:28,8.9833,40.1667,70.02,74,0,7.18
279,Hazebrouck,FR,2022-08-31 02:02:28,50.7237,2.5373,65.79,84,6,6.85
280,Temple,US,2022-08-31 02:00:54,31.0982,-97.3428,74.7,86,100,8.16
281,Bonavista,CA,2022-08-31 02:02:29,48.6499,-53.1147,64.0,86,92,11.48
282,Trinidad,BO,2022-08-31 02:02:29,-14.8333,-64.9,73.42,38,0,3.58
283,Xiantao,CN,2022-08-31 02:02:29,30.3833,113.4,73.63,71,97,8.72
284,Sobolevo,RU,2022-08-31 02:02:30,54.4299,31.8996,59.22,89,99,11.95
285,Buraydah,SA,2022-08-31 02:02:30,26.326,43.975,83.08,15,11,5.12
286,Sibu,MY,2022-08-31 02:02:30,2.3,111.8167,74.14,98,100,1.12
287,Saint-Ambroise,CA,2022-08-31 02:02:31,48.5501,-71.3324,71.92,97,100,5.26
288,Umm Lajj,SA,2022-08-31 02:02:31,25.0213,37.2685,91.8,31,0,8.03
289,Nampula,MZ,2022-08-31 02:02:31,-15.1165,39.2666,66.15,94,20,10.36
290,Cardston,CA,2022-08-31 01:59:43,49.2,-113.3019,86.29,25,45,4.61
291,Namatanai,PG,2022-08-31 02:02:32,-3.6667,152.4333,84.88,68,77,10.09
292,Puerto Leguizamo,CO,2022-08-31 02:02:32,-0.1934,-74.7819,70.2,98,33,1.5
293,San Fernando,PH,2022-08-31 02:02:32,15.0286,120.6898,86.92,70,62,2.24
294,Thinadhoo,MV,2022-08-31 02:02:33,0.5333,72.9333,81.37,73,99,16.33
295,Padang,ID,2022-08-31 02:02:33,-0.9492,100.3543,82.45,77,97,0.85
296,Aginskoye,RU,2022-08-31 02:02:33,51.1,114.53,52.36,35,1,18.77
297,Sabalgarh,IN,2022-08-31 02:02:34,26.25,77.4,82.35,77,16,3.49
298,Kastamonu,TR,2022-08-31 02:02:07,41.5,33.6667,63.03,90,0,1.34
299,Dukat,RU,2022-08-31 02:02:34,62.55,155.55,44.85,62,86,11.25
300,Auki,SB,2022-08-31 02:02:34,-8.7676,160.7034,76.78,92,100,4.65
301,Adrar,MR,2022-08-31 02:02:35,20.5022,-10.0711,84.51,57,100,10.89
302,Helmstedt,DE,2022-08-31 02:02:35,52.2279,11.0099,58.55,80,99,7.34
303,Lebedyn,UA,2022-08-31 02:02:35,50.5852,34.4849,60.73,64,29,6.51
304,Svetlaya,RU,2022-08-31 02:02:36,46.5389,138.3297,67.84,63,61,5.99
305,Great Yarmouth,GB,2022-08-31 02:02:08,52.6083,1.7305,64.02,71,47,18.86
306,Olutanga,PH,2022-08-31 02:02:36,7.3106,122.8464,83.95,68,78,7.52
307,Bamnet Narong,TH,2022-08-31 02:02:36,15.4992,101.6897,84.6,71,65,6.53
308,Mandalgovi,MN,2022-08-31 02:02:36,45.7625,106.2708,60.03,40,0,10.78
309,Vestmannaeyjar,IS,2022-08-31 02:02:37,63.4427,-20.2734,53.65,93,100,14.27
310,Yaviza,PA,2022-08-31 02:02:37,8.1537,-77.6931,74.46,98,98,0.67
311,Mazara Del Vallo,IT,2022-08-31 02:02:37,37.6641,12.588,75.94,61,0,1.19
312,Sabang,ID,2022-08-31 02:02:38,5.8933,95.3214,81.34,76,100,12.06
313,Saskylakh,RU,2022-08-31 02:02:38,71.9167,114.0833,43.39,95,100,7.52
314,Anloga,GH,2022-08-31 02:02:38,5.7947,0.8973,74.53,92,100,13.0
315,Nanakuli,US,2022-08-31 02:02:39,21.3906,-158.1547,85.98,63,71,5.08
316,Poso,ID,2022-08-31 02:02:39,-1.3959,120.7524,76.57,89,99,6.6
317,Necochea,AR,2022-08-31 02:02:39,-38.5473,-58.7368,46.63,76,0,9.42
318,Canora,CA,2022-08-31 02:01:02,51.6333,-102.4343,71.37,50,19,3.96
319,Vardo,NO,2022-08-31 02:02:40,70.3705,31.1107,44.58,87,100,8.05
320,Ixtapa,MX,2022-08-31 02:00:14,20.7,-105.2,82.22,84,100,1.83
321,Carnarvon,AU,2022-08-31 02:02:40,-24.8667,113.6333,68.47,41,0,19.13
322,Igra,RU,2022-08-31 02:02:40,57.5558,53.0547,59.43,89,95,5.64
323,Krasnyy Chikoy,RU,2022-08-31 02:02:41,50.3643,108.7512,51.66,45,99,4.81
324,Pathein,MM,2022-08-31 02:02:41,16.7833,94.7333,82.89,77,83,4.0
325,Benguela,AO,2022-08-31 02:00:33,-12.5763,13.4055,68.9,88,9,3.22
326,Rorvik,NO,2022-08-31 02:02:41,64.8621,11.2373,52.83,76,85,13.4
327,Talavera De La Reina,ES,2022-08-31 02:02:42,39.9635,-4.8308,69.35,37,0,6.71
328,San Jose,US,2022-08-31 01:59:12,37.3394,-121.895,80.11,61,0,13.8
329,Eureka,US,2022-08-31 01:59:12,40.8021,-124.1637,60.93,90,39,1.99
330,Santa Isabel Do Rio Negro,BR,2022-08-31 02:02:42,-0.4139,-65.0192,70.32,99,100,0.87
331,Te Anau,NZ,2022-08-31 02:00:57,-45.4167,167.7167,52.07,80,100,7.67
332,Bougouni,ML,2022-08-31 02:02:42,11.417,-7.479,70.54,96,94,4.34
333,San Patricio,US,2022-08-31 02:02:43,28.017,-97.5169,85.89,72,93,8.77
334,Norilsk,RU,2022-08-31 02:00:37,69.3535,88.2027,42.42,81,100,4.83
335,San Quintin,MX,2022-08-31 02:02:43,30.4833,-115.95,72.19,82,5,14.54
336,Kwinana,AU,2022-08-31 02:02:17,-32.25,115.7667,64.35,64,0,3.0
337,Marrakesh,MA,2022-08-31 01:59:09,31.6315,-8.0083,78.87,53,40,5.75
338,Aleksandrov Gay,RU,2022-08-31 02:02:44,50.147,48.5704,73.67,31,97,8.16
339,Seoul,KR,2022-08-31 02:02:14,37.5683,126.9778,72.84,83,75,1.14
340,Jawhar,SO,2022-08-31 02:02:44,2.7809,45.5005,72.27,83,16,11.77
341,Ostrovnoy,RU,2022-08-31 02:02:44,68.0531,39.5131,44.87,79,93,9.95
342,Maniitsoq,GL,2022-08-31 02:02:45,65.4167,-52.9,37.49,90,100,16.89
343,Kruisfontein,ZA,2022-08-31 02:02:45,-34.0033,24.7314,40.89,77,11,4.34
344,Boyuibe,BO,2022-08-31 02:02:45,-20.4167,-63.2833,60.19,40,0,3.47
345,Ayan,RU,2022-08-31 02:02:46,56.45,138.1667,58.89,70,26,3.04
346,Ginir,ET,2022-08-31 02:02:46,7.1333,40.7,60.69,71,76,8.55
347,Tanout,NE,2022-08-31 02:02:46,14.9709,8.8879,85.48,47,83,8.03
348,Dunedin,NZ,2022-08-31 02:02:46,-45.8742,170.5036,56.8,72,9,1.01
349,Turayf,SA,2022-08-31 02:02:47,31.6725,38.6637,84.31,14,2,6.55
350,Tukums,LV,2022-08-31 01:59:14,56.9669,23.1553,45.75,87,66,5.95
351,Carballo,ES,2022-08-31 02:02:47,43.213,-8.691,64.09,92,100,3.47
352,Salalah,OM,2022-08-31 02:02:48,17.0151,54.0924,75.63,84,87,2.59
353,Sao Jose Do Campestre,BR,2022-08-31 02:02:48,-6.3156,-35.7139,69.87,78,93,12.64
354,Gondar,ET,2022-08-31 02:02:48,12.6,37.4667,56.52,73,19,3.71
355,Esil,KZ,2022-08-31 02:02:48,51.9556,66.4042,69.87,33,63,7.76
356,Havre-Saint-Pierre,CA,2022-08-31 02:02:49,50.2334,-63.5986,68.36,94,100,5.75
357,Puerto Escondido,MX,2022-08-31 02:01:30,15.85,-97.0667,80.87,83,99,2.53
358,Majene,ID,2022-08-31 02:02:49,-3.5403,118.9707,79.97,78,98,1.7
359,Dawei,MM,2022-08-31 02:02:49,14.0833,98.2,83.35,75,28,0.72
360,Saint George,US,2022-08-31 02:01:06,37.1041,-113.5841,102.79,12,0,3.44
361,Wonthaggi,AU,2022-08-31 02:02:50,-38.6044,145.5913,54.82,68,11,11.68
362,Ashta,IN,2022-08-31 02:02:50,23.0167,76.7167,77.72,84,17,1.1
363,Comodoro Rivadavia,AR,2022-08-31 02:01:25,-45.8667,-67.5,53.02,61,100,6.85
364,Roald,NO,2022-08-31 02:02:50,62.5833,6.1333,53.76,87,72,18.41
365,Schitu,RO,2022-08-31 02:02:51,44.35,24.5667,70.03,71,98,4.52
366,Nuevitas,CU,2022-08-31 02:02:51,21.5453,-77.2644,74.73,89,99,9.19
367,Aksha,RU,2022-08-31 02:02:51,50.2814,113.2867,54.25,29,3,17.09
368,Nome,US,2022-08-31 02:02:52,64.5011,-165.4064,50.07,93,100,13.8
369,Bam,IR,2022-08-31 02:02:52,29.106,58.357,77.31,10,29,7.47
370,Igrim,RU,2022-08-31 02:02:52,63.1906,64.4162,44.2,77,60,4.32
371,Kiunga,PG,2022-08-31 02:02:53,-6.1219,141.2906,86.25,70,82,1.79
372,Lunino,RU,2022-08-31 02:02:53,53.5918,45.2271,64.6,57,26,5.75
373,Marzuq,YE,2022-08-31 02:02:53,14.4,46.4667,79.14,51,66,4.38
374,Shitanjing,CN,2022-08-31 02:02:54,39.2342,106.3439,68.5,25,100,4.07
375,Shenjiamen,CN,2022-08-31 02:02:54,29.9576,122.298,79.48,85,67,15.35
376,Filingue,NE,2022-08-31 02:02:54,14.3521,3.3168,83.1,59,94,4.83
377,Mahendragarh,IN,2022-08-31 02:02:54,28.2833,76.15,86.72,57,83,6.4
378,Lubao,PH,2022-08-31 02:02:55,14.9167,120.55,86.5,70,56,1.5
379,Eirunepe,BR,2022-08-31 02:02:55,-6.6603,-69.8736,79.23,56,100,1.5
380,Bousso,TD,2022-08-31 02:02:55,10.4795,16.7117,72.03,94,76,4.41
381,Daru,PG,2022-08-31 02:02:55,-9.0763,143.2092,80.64,83,67,13.91
382,Espanola,US,2022-08-31 02:02:56,35.9911,-106.0806,76.24,54,49,3.0
383,Les Cayes,HT,2022-08-31 02:02:56,18.2,-73.75,80.62,82,95,3.58
384,Awjilah,LY,2022-08-31 02:02:56,29.1081,21.2869,80.15,43,0,7.52
385,Usevya,TZ,2022-08-31 02:02:57,-7.1,31.2333,70.81,67,99,2.24
386,Robe,AU,2022-08-31 02:02:57,-37.1833,139.75,54.97,73,74,15.28
387,Oranjestad,AW,2022-08-31 01:59:28,12.524,-70.027,82.33,86,62,22.68
388,Linjiang,CN,2022-08-31 02:02:57,41.8069,126.9078,73.13,53,0,1.95
389,San Cristobal,VE,2022-08-31 02:01:40,7.7669,-72.225,65.1,98,61,3.18
390,Port Elizabeth,ZA,2022-08-31 01:59:49,-33.918,25.5701,47.32,86,40,3.44
391,Gizo,SB,2022-08-31 02:02:58,-8.103,156.8419,82.71,73,100,11.45
392,Benghazi,LY,2022-08-31 02:00:24,32.1167,20.0667,79.93,68,0,10.8
393,Zelenogradsk,RU,2022-08-31 02:02:58,54.9589,20.4767,60.85,72,75,8.95
394,Temyasovo,RU,2022-08-31 02:02:59,52.9933,58.1014,62.6,46,64,5.7
395,Olafsvik,IS,2022-08-31 02:02:59,64.8945,-23.7142,49.53,80,54,8.77
396,Natchez,US,2022-08-31 02:01:51,31.5604,-91.4032,75.42,94,0,3.44
397,Marystown,CA,2022-08-31 02:02:59,47.1666,-55.1483,62.47,93,35,5.73
398,Xining,CN,2022-08-31 01:59:59,36.6167,101.7667,51.71,83,100,2.13
399,Chimoio,MZ,2022-08-31 02:00:12,-19.1164,33.4833,59.52,92,100,8.5
400,Dubbo,AU,2022-08-31 02:00:37,-32.25,148.6167,60.93,59,0,10.36
401,Pangody,RU,2022-08-31 02:03:00,65.85,74.4859,41.94,86,100,16.89
402,Acajutla,SV,2022-08-31 02:03:00,13.5928,-89.8275,78.89,87,100,3.83
403,Beyneu,KZ,2022-08-31 02:03:00,45.3167,55.2,77.09,32,0,10.16
404,Madang,PG,2022-08-31 02:03:01,-5.2246,145.7966,84.99,72,27,4.21
405,Zhigansk,RU,2022-08-31 02:03:01,66.7697,123.3711,51.53,69,99,2.98
406,Bria,CF,2022-08-31 02:00:03,6.5423,21.9863,67.84,98,42,2.33
407,Bubaque,GW,2022-08-31 02:03:01,11.2833,-15.8333,79.05,83,100,18.28
408,Ventersburg,ZA,2022-08-31 02:03:02,-28.0856,27.1381,44.29,69,0,13.33
409,Talnakh,RU,2022-08-31 02:03:02,69.4865,88.3972,42.21,73,100,3.96
410,Ashland,US,2022-08-31 02:03:02,40.8167,-82.2665,68.27,77,55,9.44
411,Hermiston,US,2022-08-31 01:58:56,45.8404,-119.2895,96.94,34,10,8.39
412,Gat,IL,2022-08-31 02:03:03,31.61,34.7642,81.28,100,2,3.85
413,Richards Bay,ZA,2022-08-31 02:03:03,-28.783,32.0377,59.11,57,98,20.13
414,Kyenjojo,UG,2022-08-31 02:03:03,0.6328,30.6214,57.7,98,100,2.64
415,Itarema,BR,2022-08-31 02:03:04,-2.9248,-39.9167,77.7,85,26,14.23
416,Manokwari,ID,2022-08-31 02:03:04,-0.8667,134.0833,79.36,83,97,2.86
417,Bilibino,RU,2022-08-31 02:03:04,68.0546,166.4372,40.93,60,92,11.39
418,Sladkovo,RU,2022-08-31 02:03:05,55.5284,70.3385,65.66,60,23,7.65
419,Shimoda,JP,2022-08-31 02:03:05,34.6667,138.95,85.08,75,42,10.63
420,Wanning,CN,2022-08-31 02:03:05,18.8003,110.3967,86.13,69,6,2.93
421,Nouadhibou,MR,2022-08-31 02:03:05,20.931,-17.0347,73.49,90,100,4.34
422,Andenes,NO,2022-08-31 02:03:06,69.3143,16.1194,46.92,81,100,12.66
423,Grindavik,IS,2022-08-31 02:03:06,63.8424,-22.4338,50.47,100,100,10.36
424,Carutapera,BR,2022-08-31 02:03:06,-1.195,-46.02,77.47,84,25,6.13
425,Giyani,ZA,2022-08-31 02:03:07,-23.3025,30.7187,57.49,63,100,9.48
426,Baker City,US,2022-08-31 02:03:07,44.7749,-117.8344,89.19,27,0,6.91
427,Carson City,US,2022-08-31 02:03:07,39.1638,-119.7674,94.75,26,0,16.11
428,Bonthe,SL,2022-08-31 02:03:08,7.5264,-12.505,76.87,87,100,6.51
429,Kushiro,JP,2022-08-31 02:03:08,42.975,144.3747,63.99,97,100,7.27
430,Laguna,US,2022-08-31 02:03:08,38.421,-121.4238,94.17,30,0,11.5
431,Wajima,JP,2022-08-31 02:03:09,37.4,136.9,83.07,76,95,10.78
432,Almaznyy,RU,2022-08-31 02:03:09,48.0448,40.045,71.76,34,80,2.33
433,Salmas,IR,2022-08-31 02:03:09,38.1973,44.7653,65.8,26,0,0.72
434,Lukulu,ZM,2022-08-31 02:03:10,-14.3707,23.242,59.63,35,5,4.88
435,Saqqez,IR,2022-08-31 02:03:10,36.2499,46.2735,64.96,22,0,4.27
436,Labuhan,ID,2022-08-31 02:03:10,-6.8844,112.2051,83.77,67,83,6.42
437,Fairfield,US,2022-08-31 02:01:47,41.2668,-73.3162,77.92,86,40,11.5
438,Karabuk,TR,2022-08-31 02:03:11,41.2049,32.6277,70.05,84,1,1.05
439,Nanortalik,GL,2022-08-31 02:03:11,60.1432,-45.2371,39.51,93,48,13.22
440,Rognan,NO,2022-08-31 02:03:11,67.0953,15.3878,50.14,92,100,4.47
441,Codrington,AU,2022-08-31 02:03:12,-38.2667,141.9667,52.7,77,96,10.78
442,Ormara,PK,2022-08-31 02:03:12,25.2088,64.6357,79.54,85,10,9.1
443,Isnos,CO,2022-08-31 02:03:12,1.9356,-76.2406,55.47,97,86,3.15
444,San Juan,AR,2022-08-31 01:59:00,-31.5375,-68.5364,60.62,22,35,6.73
445,Mosquera,CO,2022-08-31 02:03:13,4.7059,-74.2302,53.69,94,20,2.3
446,Yumen,CN,2022-08-31 02:03:13,40.2833,97.2,74.55,17,0,4.43
447,Amarillo,US,2022-08-31 02:00:08,35.222,-101.8313,79.03,64,100,1.99
448,Rehoboth,NA,2022-08-31 02:03:13,-23.3167,17.0833,59.83,20,100,3.42
449,Bardiyah,LY,2022-08-31 02:03:14,31.7561,25.0865,76.73,82,0,7.4
450,Mungwi,ZM,2022-08-31 02:03:14,-10.1732,31.3694,59.43,56,7,3.98
451,Mogwase,ZA,2022-08-31 02:03:14,-25.185,27.2665,51.71,73,0,4.88
452,Vila,PT,2022-08-31 02:03:15,42.0304,-8.1588,52.68,88,100,0.83
453,Maningrida,AU,2022-08-31 02:03:15,-12.0667,134.2667,88.41,53,21,13.44
454,Monroe,US,2022-08-31 01:59:50,43.1501,-77.6831,70.0,94,88,1.01
455,Pitimbu,BR,2022-08-31 02:03:15,-7.4706,-34.8086,72.19,72,91,18.19
456,Komsomolskiy,UZ,2022-08-31 02:03:16,40.4272,71.7189,70.52,30,0,9.22
457,Dumai,ID,2022-08-31 02:03:16,1.6833,101.45,82.87,67,59,3.58
458,Olonets,RU,2022-08-31 02:03:16,60.9847,32.9698,48.29,94,100,15.17
459,Koslan,RU,2022-08-31 02:03:17,63.4564,48.8989,46.81,78,100,6.15
460,Kupang,ID,2022-08-31 02:03:17,-10.1667,123.5833,86.58,62,20,4.61
461,Pedernales,DO,2022-08-31 02:03:17,18.0384,-71.744,81.61,73,56,3.49
462,Lagoa,PT,2022-08-31 02:03:18,39.05,-27.9833,72.39,88,74,13.18
463,Las Rosas,AR,2022-08-31 02:03:18,-32.4766,-61.5804,57.72,54,100,8.97
464,Tallahassee,US,2022-08-31 02:00:13,30.4383,-84.2807,80.33,93,96,3.62
465,Hofn,IS,2022-08-31 02:03:18,64.2539,-15.2082,53.73,100,100,14.61
466,Imbituba,BR,2022-08-31 01:59:19,-28.24,-48.6703,55.67,76,3,7.38
467,Alyangula,AU,2022-08-31 02:03:19,-13.8483,136.4192,82.53,66,6,13.56
468,Mezen,RU,2022-08-31 02:03:19,65.8522,44.24,45.25,58,100,2.95
469,Ridgecrest,US,2022-08-31 02:00:19,35.6225,-117.6709,105.66,10,0,4.0
470,Le Raincy,FR,2022-08-31 02:03:20,48.9,2.5167,66.74,69,0,11.5
471,Tonantins,BR,2022-08-31 02:03:20,-2.8731,-67.8022,72.36,98,100,3.0
472,Agadir,MA,2022-08-31 02:02:14,30.4202,-9.5982,81.05,49,10,1.3
473,Olinda,BR,2022-08-31 02:03:20,-8.0089,-34.8553,73.13,78,40,8.05
474,Tarabuco,BO,2022-08-31 02:03:21,-19.1667,-64.9167,46.92,54,0,4.32
475,Port Macquarie,AU,2022-08-31 02:03:21,-31.4333,152.9167,69.89,57,48,10.74
476,College,US,2022-08-31 02:03:21,64.8569,-147.8028,66.18,63,75,3.44
477,Beaverlodge,CA,2022-08-31 02:03:22,55.2166,-119.4361,75.54,39,57,14.85
478,Bilma,NE,2022-08-31 02:03:22,18.6853,12.9164,90.39,24,14,4.38
479,Knysna,ZA,2022-08-31 02:03:22,-34.0363,23.0471,47.61,77,0,7.78
480,Omboue,GA,2022-08-31 02:03:23,-1.5746,9.2618,74.66,86,99,8.84
481,Kloulklubed,PW,2022-08-31 02:03:23,7.0419,134.2556,84.7,68,15,6.22
482,Lahaina,US,2022-08-31 01:58:32,20.8783,-156.6825,82.81,80,52,6.44
483,Marsa Matruh,EG,2022-08-31 02:03:23,31.3525,27.2453,76.78,78,0,8.52
484,Rawah,IQ,2022-08-31 02:03:24,34.4816,41.9093,89.82,16,0,8.61
485,Sept-Iles,CA,2022-08-31 02:03:24,50.2001,-66.3821,64.92,98,100,11.5
486,Pelym,RU,2022-08-31 02:03:24,61.0108,61.9978,50.02,97,100,7.18
487,Sfantu Gheorghe,RO,2022-08-31 02:03:24,45.8667,25.7833,66.27,94,22,1.36
488,Yeppoon,AU,2022-08-31 02:03:25,-23.1333,150.7333,73.18,70,99,8.97
489,Ubon Ratchathani,TH,2022-08-31 02:03:25,15.1667,105.1667,80.94,80,99,3.91
490,Rena,NO,2022-08-31 02:03:25,61.1348,11.3641,41.99,85,98,4.74
491,Tucuman,AR,2022-08-31 02:03:26,-26.8241,-65.2226,48.2,53,0,10.36
492,Wadi Maliz,TN,2022-08-31 02:03:26,36.4681,8.5495,81.23,38,27,3.38
493,Puro,PH,2022-08-31 02:03:26,12.4841,123.3827,85.82,69,19,5.57
494,Makakilo City,US,2022-08-31 02:00:48,21.3469,-158.0858,84.56,57,70,7.14
495,Chitral,PK,2022-08-31 02:03:27,35.8462,71.7858,72.14,47,0,2.77
496,Fort Nelson,CA,2022-08-31 02:01:02,58.8053,-122.7002,65.1,57,85,6.71
497,Palaikastron,GR,2022-08-31 02:03:27,35.2,26.25,77.67,79,0,7.2
498,Huilong,CN,2022-08-31 02:03:27,31.8111,121.655,80.92,81,100,9.91
499,Mezhdurechensk,RU,2022-08-31 02:03:28,53.6942,88.0603,61.5,66,68,3.71
500,Koutsouras,GR,2022-08-31 02:03:28,35.0339,25.9469,78.12,74,0,4.05
501,Dunkirk,FR,2022-08-31 02:03:28,51.05,2.3667,66.09,84,46,13.69
502,Chuy,UY,2022-08-31 02:03:28,-33.6971,-53.4616,49.32,94,0,7.14
503,Mabaruma,GY,2022-08-31 02:03:29,8.2,-59.7833,75.87,86,100,2.95
504,Nioro,GM,2022-08-31 02:03:29,13.35,-15.75,73.87,95,100,10.42
505,Gannan,CN,2022-08-31 02:03:29,47.9147,123.5031,71.8,29,3,5.39
506,Kerchevskiy,RU,2022-08-31 02:03:30,59.946,56.2884,54.32,98,98,8.61
507,Biak,ID,2022-08-31 02:03:30,-0.9131,122.8766,78.1,81,98,3.22
508,Morlaix,FR,2022-08-31 02:03:30,48.5833,-4.0,64.45,88,0,11.5
509,Nizhnevartovsk,RU,2022-08-31 02:03:30,60.9344,76.5531,51.82,100,0,4.47
510,Ulaangom,MN,2022-08-31 02:03:31,49.9811,92.0667,63.52,33,7,3.18
511,Aykhal,RU,2022-08-31 02:03:31,66.0,111.5,41.74,80,85,9.98
512,Berlevag,NO,2022-08-31 02:03:32,70.8578,29.0864,44.6,76,100,8.05
513,Diveyevo,RU,2022-08-31 02:03:32,55.0433,43.2418,63.03,68,24,6.4
514,Keti Bandar,PK,2022-08-31 02:03:32,24.1447,67.4497,80.31,84,24,7.23
515,Byron Bay,AU,2022-08-31 02:02:14,-28.65,153.6167,67.71,80,69,12.53
516,Gajendragarh,IN,2022-08-31 02:03:32,15.7333,75.9833,75.96,82,18,7.76
517,Zapadnaya Dvina,RU,2022-08-31 02:03:33,56.259,32.0745,56.7,97,100,9.78
518,Nemuro,JP,2022-08-31 02:03:33,43.3236,145.575,63.9,95,100,11.36
519,Kashi,CN,2022-08-31 02:03:33,39.4547,75.9797,72.36,44,78,2.8
520,Thunder Bay,CA,2022-08-31 02:03:34,48.4001,-89.3168,68.02,50,87,12.71
521,Gigmoto,PH,2022-08-31 02:03:34,13.7796,124.39,82.24,85,100,8.48
522,Tshikapa,CD,2022-08-31 02:03:34,-6.4167,20.8,73.04,77,45,0.63
523,Deer Lake,CA,2022-08-31 02:03:34,49.1667,-57.4316,65.95,97,95,2.77
524,Novyy Urengoy,RU,2022-08-31 02:00:41,66.0833,76.6333,42.12,87,100,19.93
525,Akyab,MM,2022-08-31 02:03:35,20.15,92.9,83.75,77,81,2.15
526,Surgut,RU,2022-08-31 02:03:35,61.25,73.4167,48.38,100,0,7.0
527,Revadanda,IN,2022-08-31 02:03:35,18.5503,72.9278,79.75,87,99,4.34
528,Galdar,ES,2022-08-31 02:03:36,28.147,-15.6502,74.35,83,100,9.6
529,Mount Gambier,AU,2022-08-31 02:03:36,-37.8333,140.7667,55.44,68,100,8.19
530,Fernie,CA,2022-08-31 02:01:28,49.5,-115.0687,73.6,43,3,1.77
531,Kolondieba,ML,2022-08-31 02:03:37,11.0882,-6.8926,70.83,97,100,4.79
532,Zeya,RU,2022-08-31 02:03:37,53.75,127.2667,61.97,68,52,4.16
533,Altamira,BR,2022-08-31 01:59:57,-3.2033,-52.2064,77.5,51,56,3.87
534,Salym,RU,2022-08-31 02:03:37,60.0625,71.4789,54.14,90,98,5.28
535,Cambridge,CA,2022-08-31 02:00:25,43.3601,-80.3127,68.83,80,0,1.01
536,Atar,MR,2022-08-31 02:03:38,20.5169,-13.0499,81.72,68,64,5.23
537,Anchorage,US,2022-08-31 01:59:19,61.2181,-149.9003,64.65,71,100,10.0
538,Alekseyevsk,RU,2022-08-31 02:03:38,57.8406,108.3492,40.59,97,100,12.82
539,Kahului,US,2022-08-31 02:03:39,20.8947,-156.47,86.02,71,20,19.57
540,Moosomin,CA,2022-08-31 02:03:39,50.1333,-101.6677,69.78,51,0,2.19
541,Sambava,MG,2022-08-31 02:03:39,-14.2667,50.1667,68.94,83,70,5.01
542,Kathmandu,NP,2022-08-31 01:59:19,27.7167,85.3167,71.82,88,75,3.44
543,Lompoc,US,2022-08-31 02:01:43,34.6391,-120.4579,77.14,68,0,11.5
544,Fernley,US,2022-08-31 02:03:40,39.608,-119.2518,96.58,14,0,3.0
545,Xiongzhou,CN,2022-08-31 02:03:40,25.1167,114.3,85.91,71,100,5.99
546,Sioux Falls,US,2022-08-31 02:01:20,43.55,-96.7003,71.46,61,20,0.0
547,Klimovo,RU,2022-08-31 02:03:40,52.3805,32.1923,55.24,94,22,7.56
548,Scottsbluff,US,2022-08-31 02:03:41,41.8666,-103.6672,81.72,48,0,8.05
549,Ibra,OM,2022-08-31 02:03:41,22.6906,58.5334,76.39,65,8,2.15
550,Indramayu,ID,2022-08-31 02:03:41,-6.3264,108.32,82.94,63,81,4.25
551,Garowe,SO,2022-08-31 02:03:42,8.4054,48.4845,73.81,70,100,18.12
552,Prince Rupert,CA,2022-08-31 02:01:15,54.3161,-130.3201,60.89,94,100,5.75
553,Mananjary,MG,2022-08-31 02:03:42,-21.2167,48.3333,66.07,94,25,4.34
554,Buena Vista,US,2022-08-31 02:03:43,43.4203,-83.8986,66.94,75,0,8.05
555,Sarkand,KZ,2022-08-31 02:03:43,45.41,79.9186,71.82,31,5,1.86
556,Taoudenni,ML,2022-08-31 02:03:43,22.6783,-3.9836,90.68,39,0,13.6
557,Druzhba,UA,2022-08-31 02:03:44,52.0428,33.9453,56.8,87,2,6.93
558,Pierre,US,2022-08-31 02:00:08,44.3683,-100.351,80.85,40,66,4.0
559,Paamiut,GL,2022-08-31 02:03:44,61.994,-49.6678,39.94,88,100,13.13
560,Kysyl-Syr,RU,2022-08-31 02:03:44,63.8986,122.7617,45.25,74,85,9.28
561,Miri,MY,2022-08-31 02:03:45,4.4148,114.0089,79.95,81,99,6.26
562,Jumla,NP,2022-08-31 02:03:45,29.2747,82.1838,64.11,85,67,0.38
563,Krasnyy Yar,RU,2022-08-31 02:03:45,46.5331,48.3456,66.13,44,0,7.96
564,Shirokiy,RU,2022-08-31 02:03:46,49.758,129.523,66.4,68,10,7.2
565,Nago,JP,2022-08-31 02:03:46,26.5881,127.9761,89.46,77,100,19.6
566,Morondava,MG,2022-08-31 02:03:46,-20.2833,44.2833,65.8,73,0,10.2
567,Catalina,US,2022-08-31 02:03:47,32.5056,-110.9211,94.91,28,2,1.01
568,Sibolga,ID,2022-08-31 02:03:47,1.7427,98.7792,82.09,68,18,0.54
569,San Andres,CO,2022-08-31 02:00:03,12.5847,-81.7006,82.76,74,100,13.62
570,Chadiza,ZM,2022-08-31 02:03:47,-14.0678,32.4392,59.92,70,0,10.78
571,Samarai,PG,2022-08-31 02:03:48,-10.6167,150.6667,80.26,86,73,13.15
572,Krasnoselkup,RU,2022-08-31 02:03:48,65.7,82.4667,37.33,96,100,19.82
573,Bathsheba,BB,2022-08-31 02:03:48,13.2167,-59.5167,83.01,74,20,17.27
574,Rypefjord,NO,2022-08-31 02:03:49,70.6333,23.6667,46.87,87,75,5.75
575,Mizdah,LY,2022-08-31 02:03:49,31.4451,12.9801,68.83,80,0,4.09
576,Korla,CN,2022-08-31 02:03:49,41.7597,86.1469,73.99,34,17,12.01
577,Basud,PH,2022-08-31 02:03:50,14.065,122.9642,87.19,64,96,3.13
